<?xml version="1.0" encoding="utf-8"?>
<openerp>
    <data noupdate="0">

        <!-- lines displayed from the analytic account -->
        <record model="ir.ui.view" id="view_budget_line_analytic_list">
            <field name="name">budget.line.analytic.list</field>
            <field name="model">budget.line</field>
            <field name="priority">20</field>
            <field name="type">tree</field>
            <field name="arch" type="xml">
                <tree string="Budget Lines">
                    <field name="analytic_account_id" invisible="1" />
                    <field name="allocation" invisible="1" />
                    <field name="budget_version_id" />
                    <field name="budget_item_id"  domain="[('type', '=', 'normal')]" />
                    <field name="name" />
                    <field name="date_start"/>
                    <field name="date_stop"/>
                    <field name="amount" />
                    <field name="currency_id" />
                    <field name="analytic_amount"
                        string="In Contract's Currency"
                        sum="Total Amount" />
                    <field name="analytic_real_amount"
                        string="Real"
                        sum="Total Real Amount" />
                    <field name="analytic_diff_amount"
                        string="Difference"
                        sum="Total Difference" />
                </tree>
            </field>
        </record>

        <record id="action_budget_line_analytic_tree" model="ir.actions.act_window">
            <field name="name">Budget Lines</field>
            <field name="type">ir.actions.act_window</field>
            <field name="res_model">budget.line</field>
            <field name="view_type">form</field>
            <field name="view_mode">tree,form</field>
            <field name="view_id" ref="view_budget_line_analytic_list"/>
        </record>

        <act_window
            context="{'search_default_analytic_account_id': active_id, 'default_analytic_account_id': active_id, 'tree_view_ref': 'budget.view_budget_line_analytic_list'}"
            id="action_budget_line_analytic_tree"
            name="Budget Lines"
            res_model="budget.line"
            src_model="account.analytic.account"/>

    </data>
</openerp>
