<?xml version="1.0"?>
<openerp>
    <data>

        <!--VIEW: form view to edit/create a main budget-->
        <record model="ir.ui.view" id="view_budget_budget_form">
            <field name="name">budget.budget.form</field>
            <field name="model">budget.budget</field>
            <field name="type">form</field>
            <field name="arch" type="xml">
                <form string="Budget">
                    <group >
                        <field name="name"/>
                    </group>
                    <group >
                        <group>
                            <field name="code"/>
                            <field name="budget_item_id" domain="[('parent_id', '=', False)]"/>
                            <field name="active"/>
                        </group>
                        <group>
                            <field name="create_date"/>
                            <field name="start_date"/>
                            <field name="end_date"/>
                        </group>
                    </group>
                    <notebook >
                            <page string="Versions">
                                <group>
                                    <field name="budget_version_ids"
                                        nolabel="1">
                                        <tree string="Budget Versions">
                                            <field name="name"/>
                                            <field name="code"/>
                                            <field name="ref_date" />
                                            <field name="company_id" groups="base.group_multi_company"/>
                                            <field name="currency_id" />
                                        </tree>
                                    </field>
                                </group>
                            </page>
                            <page string="Notes">
                                <group>
                                    <field name="note" nolabel="1"/>
                                </group>
                            </page>
                        </notebook>
                </form>
            </field>
        </record>

        <record model="ir.ui.view" id="view_budget_list">
            <field name="name">budget.list</field>
            <field name="model">budget.budget</field>
            <field name="priority">4</field>
            <field name="type">tree</field>
            <field name="arch" type="xml">
                <tree string="Budgets">
                    <field name="name"/>
                    <field name="code"/>
                    <field name="start_date" />
                    <field name="end_date" />
                    <field name="active" />
                </tree>
            </field>
        </record>

        <record id="view_budget_budget_search" model="ir.ui.view">
            <field name="name">budget.budget.search</field>
            <field name="model">budget.budget</field>
            <field name="type">search</field>
            <field name="arch" type="xml">
                <search string="Budget">
                    <field name="name"/>
                    <field name="code"/>
                </search>
            </field>
        </record>

        <!--VIEW: form view to edit/create a budget versions-->
        <record model="ir.ui.view" id="view_budget_version_form">
            <field name="name">budget.version.form</field>
            <field name="model">budget.version</field>
            <field name="type">form</field>
            <field name="arch" type="xml">
                <form string="Budget Versions">


                    <group>
                        <field name="name"/>
                    </group>
                    <group>
                        <group>
                            <field name="code"/>
                            <field name="budget_id"/>
                            <field name="currency_id"/>
                            <field name="company_id" groups="base.group_multi_company"/>
                        </group>
                        <group>
                            <field name="ref_date" />
                            <field name="create_date" />
                            <field name="user_id"/>
                        </group>
                    </group>
                    <notebook>
                        <page string="Lines">
                            <field name="budget_line_ids" nolabel="1"
                                context="{'currency_id': currency_id, 'budget_id': budget_id}" >
                                <tree string="Budget Lines" editable="bottom">
                                    <field name="budget_item_id" context="{'budget_id': parent.budget_id}" />
                                    <field name="name" />
                                    <field name="analytic_account_id"/>
                                    <field name="date_start" />
                                    <field name="date_stop" />
                                    <field name="amount" />
                                    <field name="currency_id" />
                                    <field name="budget_amount" sum="Total Amount" />
                                </tree>
                            </field>
                        </page>
                        <page string="Notes">
                            <field name="note" nolabel="1" />
                        </page>
                    </notebook>
                </form>
            </field>
        </record>

        <!--VIEW: budget version list from the menu-->
        <record model="ir.ui.view" id="view_budget_version_list_from_menu">
            <field name="name">budget.version.list</field>
            <field name="model">budget.version</field>
            <field name="type">tree</field>
            <field name="arch" type="xml">
                <tree string="Budget Versions">
                    <field name="name"/>
                    <field name="code"/>
                    <field name="budget_id" />
                    <field name="ref_date" />
                    <field name="company_id" groups="base.group_multi_company" />
                    <field name="currency_id" />
                </tree>
            </field>
        </record>

        <record id="view_budget_version_search" model="ir.ui.view">
            <field name="name">budget.version.search</field>
            <field name="model">budget.version</field>
            <field name="type">search</field>
            <field name="arch" type="xml">
                <search string="Budget Versions">
                    <field name="name"/>
                    <field name="code"/>
                    <field name="budget_id"/>
                </search>
            </field>
        </record>

        <!--VIEW: form view to edit/create a budget item-->
        <record model="ir.ui.view" id="view_budget_item_form">
            <field name="name">budget.item.form</field>
            <field name="model">budget.item</field>
            <field name="type">form</field>
            <field name="arch" type="xml">
                <form string="Budget Items">
                    <group >
                        <field name="name"/>
                    </group>
                    <group colspan = "2">
                        <group >
                            <field name="code"/>
                            <field name="type" select="1" />
                            <field name="active" select="2" />
                        </group>
                    </group>
                    <group >
                        <field name="allocation_id" />
                        <field name="parent_id" select="2" />
                    </group>
                    <group string="Reports" col="4" colspan="4">
                            <field name="sequence" />
                            <field name="style" invisible="1" />
                    </group>
                    <notebook>
                        <page string="Accounts">
                            <field name="account" nolabel="1"/>
                        </page>
                        <page string="Children">
                            <field name="children_ids" nolabel="1"
                                widget="many2many"
                                domain="[('parent_id', '=', False)]" />
                        </page>
                        <page string="Calculation" invisible="1" >
                            <field name="calculation" nolabel="1" colspan="8"/>
                        </page>
                        <page string="Notes">
                            <field name="note" nolabel="1"/>
                        </page>
                    </notebook>

                </form>
            </field>
        </record>

       <!-- VIEW: budget item list-->
        <record model="ir.ui.view" id="view_budget_item_list">
            <field name="name">budget.item.list</field>
            <field name="model">budget.item</field>
            <field name="type">tree</field>
            <field name="arch" type="xml">
                <tree string="Budget Items">
                    <field name="sequence" />
                    <field name="name" />
                    <field name="code" />
                    <field name="type" />
                    <field name="allocation_id" />
                    <field name="active" />
                </tree>
            </field>
        </record>

        <record id="view_budget_item_search" model="ir.ui.view">
            <field name="name">budget.item.search</field>
            <field name="model">budget.item</field>
            <field name="type">search</field>
            <field name="arch" type="xml">
                <search string="Budget Items">
                    <field name="name"/>
                    <field name="code"/>
                    <field name="type"/>
                </search>
            </field>
        </record>

        <!--VIEW: budget structure-->
        <record model="ir.ui.view" id="view_budget_item_tree">
            <field name="name">budget.item.tree</field>
            <field name="model">budget.item</field>
            <field name="field_parent">children_ids</field>
            <field name="priority">6</field>
            <field name="type">tree</field>
            <field name="arch" type="xml">
                <tree string="Budget Structure">
                    <field name="name"/>
                    <field name="code"/>
                    <field name="type"/>
                </tree>
            </field>
        </record>

        <!--VIEW: budget line list-->
        <record model="ir.ui.view" id="view_budget_line_list">
            <field name="name">budget.line.list</field>
            <field name="model">budget.line</field>
            <field name="priority">16</field>
            <field name="type">tree</field>
            <field name="arch" type="xml">
                <tree string="Budget Lines" editable="top">
                    <field name="budget_version_id" />
                    <field name="budget_item_id"  domain="[('type', '=', 'normal')]" />
                    <field name="allocation" invisible="True"/>
                    <field name="name" />
                    <field name="analytic_account_id"
                        on_change="onchange_analytic_account_id(analytic_account_id)"/>
                    <field name="date_start"/>
                    <field name="date_stop"/>
                    <field name="year"/>
                    <field name="amount" />
                    <field name="currency_id" />
                    <field name="budget_amount"  sum="Total Amount" />
                </tree>
            </field>
        </record>

        <record model="ir.ui.view" id="view_budget_line_form">
            <field name="name">budget.line.form</field>
            <field name="model">budget.line</field>
            <field name="priority">3</field>
            <field name="type">form</field>
            <field name="arch" type="xml">
                <form string="Budget Lines">
                        <group>
                            <group>
                                <field name="budget_version_id"/>
                                <field name="budget_item_id"  domain="[('type', '=', 'normal')]"/>
                            </group>
                            <group>
                                <field name="name"/>
                                <field name="analytic_account_id"/>
                            </group>
                        </group>
                        <group col = "6" colpan="4">
                            <group string="Periods" colspan="2" col="2">
                                <field name="year"/>
                                <field name="date_start"/>
                                <field name="date_stop"/>
                            </group>
                            <group string="Amount" colspan="2" col="2">
                                <field name="amount" />
                                <field name="currency_id"/>
                                <field name="budget_amount"/>
                                <field name="budget_currency_id"/>
                            </group>
                            <group string="Analytic Amounts" colspan="2" col="2">
                                <field name="analytic_currency_id"/>
                                <field name="analytic_amount"/>
                                <field name="analytic_real_amount"/>
                                <field name="analytic_diff_amount"/>
                            </group>
                        </group>

                </form>
            </field>
        </record>

        <record id="view_budget_line_search" model="ir.ui.view">
            <field name="name">budget.line.search</field>
            <field name="model">budget.line</field>
            <field name="type">search</field>
            <field name="arch" type="xml">
                <search string="Budget Lines">
                    <field name="name"/>
                    <field name="budget_version_id"/>
                    <field name="budget_item_id"/>
                    <field name="analytic_account_id"  filter_domain="[('analytic_account_id','child_of',self)]"/>
                    <group string="Group By..." expand="0">
                        <filter string="Version" context="{'group_by': 'budget_version_id'}" name="group_budget_version_id"/>
                        <filter string="Item" context="{'group_by': 'budget_item_id'}" name="group_budget_item_id"/>
                        <filter string="Allocation" context="{'group_by': 'allocation'}" name="group_budget_allocation"/>
                        <filter string="Contract" context="{'group_by': 'analytic_account_id'}" name="group_analytic_account_id"/>

                    </group>
                </search>
            </field>
        </record>


        <record id="budget_item_allocation_type_form" model="ir.ui.view">
          <field name="name">budget item allocation type form</field>
          <field name="model">budget.allocation.type</field>
          <field name="type">form</field>
          <field name="arch" type="xml">
            <form string="Allocation">
              <field name="name"/>
            </form>
          </field>
        </record>

        <record id="budget_item_allocation_type_list" model="ir.ui.view">
          <field name="name">budget item allocation type list</field>
          <field name="model">budget.allocation.type</field>
          <field name="type">tree</field>
          <field name="arch" type="xml">
            <tree string="Allocation">
              <field name="name"/>
            </tree>
          </field>
        </record>

        <!-- ########################################### -->
        <!-- Actions                                     -->
        <!-- ########################################### -->

        <!-- ACTION: click on Financial Management/Budgets/Budgets -->
        <record model="ir.actions.act_window" id="open_budget_list">
            <field name="name">open budget list</field>
            <field name="res_model">budget.budget</field>
            <field name="view_type">form</field>
            <field name="view_mode">tree,form</field>
        </record>
        <!-- ACTION: click on Financial Management/Budgets/Budgets versions -->
        <record model="ir.actions.act_window" id="open_budget_version_list">
            <field name="name">open budget version list</field>
            <field name="res_model">budget.version</field>
            <field name="view_type">form</field>
            <field name="view_mode">tree,form</field>
            <field name="view_id" ref="view_budget_version_list_from_menu"/>
        </record>
        <!-- ACTION: click on Financial Management/Budgets/Budgets lines -->
        <record model="ir.actions.act_window" id="open_budget_lines_list">
            <field name="name">open budget lines list</field>
            <field name="res_model">budget.line</field>
            <field name="view_type">form</field>
            <field name="view_mode">tree,form</field>
            <field name="view_id" ref="view_budget_line_list"/>
        </record>
        <!-- ACTION: click on Financial Management/Budgets/Budgets items -->
        <record model="ir.actions.act_window" id="open_budget_items_list">
            <field name="name">open budget items list</field>
            <field name="res_model">budget.item</field>
            <field name="view_type">form</field>
            <field name="view_mode">tree,form</field>
            <field name="view_id" ref="view_budget_item_list"/>
        </record>
        <!-- ACTION: click on Financial Management/Budgets/Budgets structure-->
        <record model="ir.actions.act_window" id="open_budget_items_tree">
            <field name="name">Budgets Structure</field>
            <field name="res_model">budget.item</field>
            <field name="view_type">tree</field>
            <field name="view_id" ref="view_budget_item_tree"/>
            <field name="domain">[('parent_id', '=', False)]</field>
        </record>

        <!-- ########################################### -->
        <!-- Menus                                       -->
        <!-- ########################################### -->

        <menuitem id="menu_budget"  name="Budget" parent="account.menu_finance"/>
        <menuitem id="menu_budget_list"
            name="Budgets" action="budget.open_budget_list"
            parent="budget.menu_budget"/>
        <menuitem id="menu_budget_version_list" name="Budget Versions"
            action="open_budget_version_list" parent="menu_budget"/>
        <menuitem id="menu_budget_line_list" name="Budget Lines"
            action="open_budget_lines_list" parent="menu_budget"/>
        <menuitem id="menu_budget_item_list" name="Budget Items"
            action="open_budget_items_list"
            parent="menu_budget"/>
        <menuitem id="menu_budget_item_tree" name="Budget Items Structures"
            action="open_budget_items_tree"
            parent="menu_budget"/>

    </data>
</openerp>
